query acc.	subject acc.	% identity	alignment length	mismatches	gap opens	q. start	q. end	s. start	s. end	evalue	bit score	subject strand
H220615-060_A01_21BDRAA000_A01_premix.ab1	refseq|NC_002947.4|chromosome	90.909	671	58	3	51	719	174590	173921	0.0	968	minus
H220615-060_A01_21BDRAA000_A01_premix.ab1	refseq|NC_002947.4|chromosome	90.909	671	58	3	51	719	180020	179351	0.0	968	minus
H220615-060_A01_21BDRAA000_A01_premix.ab1	refseq|NC_002947.4|chromosome	90.909	671	58	3	51	719	701238	700569	0.0	968	minus
H220615-060_A01_21BDRAA000_A01_premix.ab1	refseq|NC_002947.4|chromosome	90.909	671	58	3	51	719	1328704	1328035	0.0	968	minus
H220615-060_A01_21BDRAA000_A01_premix.ab1	refseq|NC_002947.4|chromosome	90.909	671	58	3	51	719	2552104	2551435	0.0	968	minus
H220615-060_A01_21BDRAA000_A01_premix.ab1	refseq|NC_002947.4|chromosome	90.909	671	58	3	51	719	5309202	5309871	0.0	968	plus
H220615-060_A01_21BDRAA000_A01_premix.ab1	refseq|NC_002947.4|chromosome	90.760	671	59	3	51	719	528150	527481	0.0	963	minus
H220615-060_A03_21BDRAA000_A02_premix.ab1	refseq|NC_002947.4|chromosome	94.820	444	19	3	97	538	4949109	4949550	0.0	689	plus
H220615-060_A05_21BDRAA000_A03_premix.ab1	refseq|NC_002947.4|chromosome	98.831	941	9	2	110	1049	1328348	1329287	0.0	1676	plus
H220615-060_A05_21BDRAA000_A03_premix.ab1	refseq|NC_002947.4|chromosome	98.831	941	9	2	110	1049	2551748	2552687	0.0	1676	plus
H220615-060_A05_21BDRAA000_A03_premix.ab1	refseq|NC_002947.4|chromosome	98.831	941	9	2	110	1049	5309558	5308619	0.0	1676	minus
H220615-060_A05_21BDRAA000_A03_premix.ab1	refseq|NC_002947.4|chromosome	98.725	941	10	2	110	1049	174234	175173	0.0	1670	plus
H220615-060_A05_21BDRAA000_A03_premix.ab1	refseq|NC_002947.4|chromosome	98.725	941	10	2	110	1049	179664	180603	0.0	1670	plus
H220615-060_A05_21BDRAA000_A03_premix.ab1	refseq|NC_002947.4|chromosome	98.725	941	10	2	110	1049	700882	701821	0.0	1670	plus
H220615-060_A05_21BDRAA000_A03_premix.ab1	refseq|NC_002947.4|chromosome	98.618	941	11	2	110	1049	527794	528733	0.0	1664	plus
H220615-060_A07_21BDRAA000_A04_premix.ab1	refseq|NC_002947.4|chromosome	98.192	553	9	1	105	657	1329887	1330438	0.0	965	plus
H220615-060_A07_21BDRAA000_A04_premix.ab1	refseq|NC_002947.4|chromosome	98.192	553	9	1	105	657	2553287	2553838	0.0	965	plus
H220615-060_A07_21BDRAA000_A04_premix.ab1	refseq|NC_002947.4|chromosome	98.011	553	10	1	105	657	702421	702972	0.0	959	plus
H220615-060_A07_21BDRAA000_A04_premix.ab1	refseq|NC_002947.4|chromosome	98.011	553	10	1	105	657	5308019	5307468	0.0	959	minus
H220615-060_A07_21BDRAA000_A04_premix.ab1	refseq|NC_002947.4|chromosome	97.653	554	11	2	105	657	175773	176325	0.0	950	plus
H220615-060_A07_21BDRAA000_A04_premix.ab1	refseq|NC_002947.4|chromosome	97.653	554	11	2	105	657	181203	181755	0.0	950	plus
H220615-060_A07_21BDRAA000_A04_premix.ab1	refseq|NC_002947.4|chromosome	96.203	553	8	6	105	657	529333	529872	0.0	893	plus
H220615-060_A07_21BDRAA000_A04_premix.ab1	refseq|NC_002947.4|chromosome	93.069	101	5	2	558	657	181881	181980	4.98e-35	147	plus
H220615-060_A09_21BDRAA000_A05_premix.ab1	refseq|NC_002947.4|chromosome	89.175	194	13	6	104	293	171896	172085	1.42e-61	235	plus
H220615-060_A09_21BDRAA000_A05_premix.ab1	refseq|NC_002947.4|chromosome	89.175	194	13	6	104	293	177326	177515	1.42e-61	235	plus
H220615-060_A09_21BDRAA000_A05_premix.ab1	refseq|NC_002947.4|chromosome	89.175	194	13	6	104	293	525456	525645	1.42e-61	235	plus
H220615-060_A09_21BDRAA000_A05_premix.ab1	refseq|NC_002947.4|chromosome	89.175	194	13	6	104	293	698331	698520	1.42e-61	235	plus
H220615-060_A09_21BDRAA000_A05_premix.ab1	refseq|NC_002947.4|chromosome	89.175	194	13	6	104	293	1326010	1326199	1.42e-61	235	plus
H220615-060_A09_21BDRAA000_A05_premix.ab1	refseq|NC_002947.4|chromosome	89.175	194	13	6	104	293	2549197	2549386	1.42e-61	235	plus
H220615-060_A09_21BDRAA000_A05_premix.ab1	refseq|NC_002947.4|chromosome	88.177	203	16	6	104	302	5312174	5311976	1.42e-61	235	minus
H220615-060_A11_21BDRAA000_A06_premix.ab1	refseq|NC_002947.4|chromosome	96.371	496	16	2	104	599	5748229	5748722	0.0	815	plus
H220615-060_A15_21BDRAA000_A08_premix.ab1	refseq|NC_002947.4|chromosome	92.152	790	32	30	103	891	527127	527887	0.0	1088	plus
H220615-060_A15_21BDRAA000_A08_premix.ab1	refseq|NC_002947.4|chromosome	92.152	790	32	30	103	891	700215	700975	0.0	1088	plus
H220615-060_A15_21BDRAA000_A08_premix.ab1	refseq|NC_002947.4|chromosome	92.152	790	32	30	103	891	1327681	1328441	0.0	1088	plus
H220615-060_A15_21BDRAA000_A08_premix.ab1	refseq|NC_002947.4|chromosome	92.152	790	32	30	103	891	5310225	5309465	0.0	1088	minus
H220615-060_A15_21BDRAA000_A08_premix.ab1	refseq|NC_002947.4|chromosome	92.025	790	33	30	103	891	173567	174327	0.0	1083	plus
H220615-060_A15_21BDRAA000_A08_premix.ab1	refseq|NC_002947.4|chromosome	92.025	790	33	30	103	891	178997	179757	0.0	1083	plus
H220615-060_A15_21BDRAA000_A08_premix.ab1	refseq|NC_002947.4|chromosome	92.025	790	33	30	103	891	2551081	2551841	0.0	1083	plus
H220615-060_A17_21BDRAA000_A09_premix.ab1	refseq|NC_002947.4|chromosome	93.671	553	26	7	106	655	5810380	5809834	0.0	819	minus
H220615-060_A19_21BDRAA000_A10_premix.ab1	refseq|NC_002947.4|chromosome	95.484	465	16	5	110	573	6074742	6074282	0.0	737	minus
H220615-060_A19_21BDRAA000_A10_premix.ab1	refseq|NC_002947.4|chromosome	83.679	386	32	30	526	910	6073798	6074153	9.28e-92	335	plus
H220615-060_A21_21BDRAA000_A11_premix.ab1	refseq|NC_002947.4|chromosome	100.000	370	0	0	118	487	17283	16914	0.0	684	minus
H220615-060_A23_21BDRAA000_A12_premix.ab1	refseq|NC_002947.4|chromosome	97.189	925	21	5	115	1036	6168737	6167815	0.0	1561	minus
H220615-060_C01_21BDRAA000_B01_premix.ab1	refseq|NC_002947.4|chromosome	92.033	728	58	0	108	835	173921	174648	0.0	1125	plus
H220615-060_C01_21BDRAA000_B01_premix.ab1	refseq|NC_002947.4|chromosome	92.033	728	58	0	108	835	179351	180078	0.0	1125	plus
H220615-060_C01_21BDRAA000_B01_premix.ab1	refseq|NC_002947.4|chromosome	92.033	728	58	0	108	835	700569	701296	0.0	1125	plus
H220615-060_C01_21BDRAA000_B01_premix.ab1	refseq|NC_002947.4|chromosome	92.033	728	58	0	108	835	1328035	1328762	0.0	1125	plus
H220615-060_C01_21BDRAA000_B01_premix.ab1	refseq|NC_002947.4|chromosome	92.033	728	58	0	108	835	2551435	2552162	0.0	1125	plus
H220615-060_C01_21BDRAA000_B01_premix.ab1	refseq|NC_002947.4|chromosome	92.033	728	58	0	108	835	5309871	5309144	0.0	1125	minus
H220615-060_C01_21BDRAA000_B01_premix.ab1	refseq|NC_002947.4|chromosome	91.896	728	59	0	108	835	527481	528208	0.0	1120	plus
H220615-060_C03_21BDRAA000_B02_premix.ab1	refseq|NC_002947.4|chromosome	95.854	796	20	12	104	898	1328329	1329112	0.0	1275	plus
H220615-060_C03_21BDRAA000_B02_premix.ab1	refseq|NC_002947.4|chromosome	95.854	796	20	12	104	898	2551729	2552512	0.0	1275	plus
H220615-060_C03_21BDRAA000_B02_premix.ab1	refseq|NC_002947.4|chromosome	94.035	855	28	22	104	957	5309577	5308745	0.0	1275	minus
H220615-060_C03_21BDRAA000_B02_premix.ab1	refseq|NC_002947.4|chromosome	95.729	796	21	12	104	898	174215	174998	0.0	1269	plus
H220615-060_C03_21BDRAA000_B02_premix.ab1	refseq|NC_002947.4|chromosome	95.729	796	21	12	104	898	179645	180428	0.0	1269	plus
H220615-060_C03_21BDRAA000_B02_premix.ab1	refseq|NC_002947.4|chromosome	95.729	796	21	12	104	898	700863	701646	0.0	1269	plus
H220615-060_C03_21BDRAA000_B02_premix.ab1	refseq|NC_002947.4|chromosome	95.603	796	22	12	104	898	527775	528558	0.0	1264	plus
H220615-060_C05_21BDRAA000_B03_premix.ab1	refseq|NC_002947.4|chromosome	97.468	632	14	2	109	739	2553287	2553917	0.0	1077	plus
H220615-060_C05_21BDRAA000_B03_premix.ab1	refseq|NC_002947.4|chromosome	97.310	632	15	2	109	739	702421	703051	0.0	1072	plus
H220615-060_C05_21BDRAA000_B03_premix.ab1	refseq|NC_002947.4|chromosome	97.310	632	15	2	109	739	1329887	1330517	0.0	1072	plus
H220615-060_C05_21BDRAA000_B03_premix.ab1	refseq|NC_002947.4|chromosome	97.152	632	16	2	109	739	5308019	5307389	0.0	1066	minus
H220615-060_C05_21BDRAA000_B03_premix.ab1	refseq|NC_002947.4|chromosome	97.003	634	16	3	109	740	175773	176405	0.0	1062	plus
H220615-060_C05_21BDRAA000_B03_premix.ab1	refseq|NC_002947.4|chromosome	96.845	634	17	3	109	740	181203	181835	0.0	1057	plus
H220615-060_C05_21BDRAA000_B03_premix.ab1	refseq|NC_002947.4|chromosome	95.411	632	15	7	109	739	529333	529951	0.0	994	plus
H220615-060_C05_21BDRAA000_B03_premix.ab1	refseq|NC_002947.4|chromosome	92.737	179	10	3	562	739	181881	182057	6.78e-68	255	plus
H220615-060_C07_21BDRAA000_B04_premix.ab1	refseq|NC_002947.4|chromosome	90.000	200	12	6	104	299	171896	172091	1.35e-66	252	plus
H220615-060_C07_21BDRAA000_B04_premix.ab1	refseq|NC_002947.4|chromosome	90.000	200	12	6	104	299	177326	177521	1.35e-66	252	plus
H220615-060_C07_21BDRAA000_B04_premix.ab1	refseq|NC_002947.4|chromosome	90.000	200	12	6	104	299	525456	525651	1.35e-66	252	plus
H220615-060_C07_21BDRAA000_B04_premix.ab1	refseq|NC_002947.4|chromosome	90.000	200	12	6	104	299	698331	698526	1.35e-66	252	plus
H220615-060_C07_21BDRAA000_B04_premix.ab1	refseq|NC_002947.4|chromosome	90.000	200	12	6	104	299	1326010	1326205	1.35e-66	252	plus
H220615-060_C07_21BDRAA000_B04_premix.ab1	refseq|NC_002947.4|chromosome	90.000	200	12	6	104	299	2549197	2549392	1.35e-66	252	plus
H220615-060_C07_21BDRAA000_B04_premix.ab1	refseq|NC_002947.4|chromosome	89.655	203	13	6	104	302	5312174	5311976	1.35e-66	252	minus
H220615-060_C09_21BDRAA000_B05_premix.ab1	refseq|NC_002947.4|chromosome	99.864	736	1	0	108	843	173921	174656	0.0	1354	plus
H220615-060_C09_21BDRAA000_B05_premix.ab1	refseq|NC_002947.4|chromosome	99.864	736	1	0	108	843	179351	180086	0.0	1354	plus
H220615-060_C09_21BDRAA000_B05_premix.ab1	refseq|NC_002947.4|chromosome	99.864	736	1	0	108	843	700569	701304	0.0	1354	plus
H220615-060_C09_21BDRAA000_B05_premix.ab1	refseq|NC_002947.4|chromosome	99.864	736	1	0	108	843	1328035	1328770	0.0	1354	plus
H220615-060_C09_21BDRAA000_B05_premix.ab1	refseq|NC_002947.4|chromosome	99.864	736	1	0	108	843	2551435	2552170	0.0	1354	plus
H220615-060_C09_21BDRAA000_B05_premix.ab1	refseq|NC_002947.4|chromosome	99.864	736	1	0	108	843	5309871	5309136	0.0	1354	minus
H220615-060_C09_21BDRAA000_B05_premix.ab1	refseq|NC_002947.4|chromosome	99.728	736	2	0	108	843	527481	528216	0.0	1349	plus
H220615-060_C11_21BDRAA000_B06_premix.ab1	refseq|NC_002947.4|chromosome	99.219	512	4	0	103	614	582037	581526	0.0	924	minus
H220615-060_C13_21BDRAA000_B07_premix.ab1	refseq|NC_002947.4|chromosome	93.364	1100	52	18	105	1196	5308482	5307396	0.0	1607	minus
H220615-060_C13_21BDRAA000_B07_premix.ab1	refseq|NC_002947.4|chromosome	93.200	1103	54	18	102	1196	1329421	1330510	0.0	1602	plus
H220615-060_C13_21BDRAA000_B07_premix.ab1	refseq|NC_002947.4|chromosome	93.200	1103	54	18	102	1196	2552821	2553910	0.0	1602	plus
H220615-060_C13_21BDRAA000_B07_premix.ab1	refseq|NC_002947.4|chromosome	93.110	1103	55	18	102	1196	701955	703044	0.0	1596	plus
H220615-060_C13_21BDRAA000_B07_premix.ab1	refseq|NC_002947.4|chromosome	92.935	1104	56	19	102	1196	175307	176397	0.0	1587	plus
H220615-060_C13_21BDRAA000_B07_premix.ab1	refseq|NC_002947.4|chromosome	92.844	1104	57	19	102	1196	180737	181827	0.0	1581	plus
H220615-060_C13_21BDRAA000_B07_premix.ab1	refseq|NC_002947.4|chromosome	92.022	1103	55	23	102	1196	528867	529944	0.0	1519	plus
H220615-060_C15_21BDRAA000_B08_premix.ab1	refseq|NC_002947.4|chromosome	96.474	709	22	2	106	813	5308058	5307352	0.0	1168	minus
H220615-060_C15_21BDRAA000_B08_premix.ab1	refseq|NC_002947.4|chromosome	96.270	697	23	2	103	798	1329845	1330539	0.0	1140	plus
H220615-060_C15_21BDRAA000_B08_premix.ab1	refseq|NC_002947.4|chromosome	95.518	714	27	4	103	813	2553245	2553956	0.0	1136	plus
H220615-060_C15_21BDRAA000_B08_premix.ab1	refseq|NC_002947.4|chromosome	95.372	713	29	3	103	813	702379	703089	0.0	1131	plus
H220615-060_C15_21BDRAA000_B08_premix.ab1	refseq|NC_002947.4|chromosome	96.588	674	19	3	103	774	175731	176402	0.0	1114	plus
H220615-060_C15_21BDRAA000_B08_premix.ab1	refseq|NC_002947.4|chromosome	96.439	674	20	3	103	774	181161	181832	0.0	1109	plus
H220615-060_C15_21BDRAA000_B08_premix.ab1	refseq|NC_002947.4|chromosome	94.860	681	20	7	103	782	529291	529957	0.0	1050	plus
H220615-060_C15_21BDRAA000_B08_premix.ab1	refseq|NC_002947.4|chromosome	90.556	180	14	3	596	774	181878	182055	8.72e-62	235	plus
H220615-060_C17_21BDRAA000_B09_premix.ab1	refseq|NC_002947.4|chromosome	98.438	512	6	2	114	625	175549	176058	0.0	900	plus
H220615-060_C17_21BDRAA000_B09_premix.ab1	refseq|NC_002947.4|chromosome	98.438	512	6	2	114	625	180979	181488	0.0	900	plus
H220615-060_C17_21BDRAA000_B09_premix.ab1	refseq|NC_002947.4|chromosome	98.438	512	6	2	114	625	529109	529618	0.0	900	plus
H220615-060_C17_21BDRAA000_B09_premix.ab1	refseq|NC_002947.4|chromosome	98.438	512	6	2	114	625	702197	702706	0.0	900	plus
H220615-060_C17_21BDRAA000_B09_premix.ab1	refseq|NC_002947.4|chromosome	98.438	512	6	2	114	625	1329663	1330172	0.0	900	plus
H220615-060_C17_21BDRAA000_B09_premix.ab1	refseq|NC_002947.4|chromosome	98.438	512	6	2	114	625	2553063	2553572	0.0	900	plus
H220615-060_C17_21BDRAA000_B09_premix.ab1	refseq|NC_002947.4|chromosome	98.438	512	6	2	114	625	5308243	5307734	0.0	900	minus
H220615-060_C19_21BDRAA000_B10_premix.ab1	refseq|NC_002947.4|chromosome	92.701	274	17	3	305	577	18133	17862	5.38e-109	392	minus
H220615-060_C19_21BDRAA000_B10_premix.ab1	refseq|NC_002947.4|chromosome	85.294	204	23	6	114	314	6119676	6119477	2.70e-52	204	minus
H220615-060_C21_21BDRAA000_B11_premix.ab1	refseq|NC_002947.4|chromosome	97.371	951	21	4	116	1065	770299	771246	0.0	1620	plus
H220615-060_E01_21BDRAA000_C01_premix.ab1	refseq|NC_002947.4|chromosome	97.256	583	16	0	109	691	175473	176055	0.0	989	plus
H220615-060_E01_21BDRAA000_C01_premix.ab1	refseq|NC_002947.4|chromosome	97.256	583	16	0	109	691	180903	181485	0.0	989	plus
H220615-060_E01_21BDRAA000_C01_premix.ab1	refseq|NC_002947.4|chromosome	97.256	583	16	0	109	691	529033	529615	0.0	989	plus
H220615-060_E01_21BDRAA000_C01_premix.ab1	refseq|NC_002947.4|chromosome	97.256	583	16	0	109	691	702121	702703	0.0	989	plus
H220615-060_E01_21BDRAA000_C01_premix.ab1	refseq|NC_002947.4|chromosome	97.256	583	16	0	109	691	1329587	1330169	0.0	989	plus
H220615-060_E01_21BDRAA000_C01_premix.ab1	refseq|NC_002947.4|chromosome	97.256	583	16	0	109	691	2552987	2553569	0.0	989	plus
H220615-060_E01_21BDRAA000_C01_premix.ab1	refseq|NC_002947.4|chromosome	97.256	583	16	0	109	691	5308319	5307737	0.0	989	minus
H220615-060_E03_21BDRAA000_C02_premix.ab1	refseq|NC_002947.4|chromosome	97.263	548	12	3	98	644	174622	175167	0.0	929	plus
H220615-060_E03_21BDRAA000_C02_premix.ab1	refseq|NC_002947.4|chromosome	97.263	548	12	3	98	644	180052	180597	0.0	929	plus
H220615-060_E03_21BDRAA000_C02_premix.ab1	refseq|NC_002947.4|chromosome	97.263	548	12	3	98	644	528182	528727	0.0	929	plus
H220615-060_E03_21BDRAA000_C02_premix.ab1	refseq|NC_002947.4|chromosome	97.263	548	12	3	98	644	701270	701815	0.0	929	plus
H220615-060_E03_21BDRAA000_C02_premix.ab1	refseq|NC_002947.4|chromosome	97.080	548	13	3	98	644	1328736	1329281	0.0	924	plus
H220615-060_E03_21BDRAA000_C02_premix.ab1	refseq|NC_002947.4|chromosome	97.080	548	13	3	98	644	2552136	2552681	0.0	924	plus
H220615-060_E03_21BDRAA000_C02_premix.ab1	refseq|NC_002947.4|chromosome	97.412	541	13	1	105	644	5309165	5308625	0.0	924	minus
H220615-060_E05_21BDRAA000_C03_premix.ab1	refseq|NC_002947.4|chromosome	98.333	120	2	0	202	321	171972	172091	2.74e-54	211	plus
H220615-060_E05_21BDRAA000_C03_premix.ab1	refseq|NC_002947.4|chromosome	98.333	120	2	0	202	321	177402	177521	2.74e-54	211	plus
H220615-060_E05_21BDRAA000_C03_premix.ab1	refseq|NC_002947.4|chromosome	98.333	120	2	0	202	321	525532	525651	2.74e-54	211	plus
H220615-060_E05_21BDRAA000_C03_premix.ab1	refseq|NC_002947.4|chromosome	98.333	120	2	0	202	321	698407	698526	2.74e-54	211	plus
H220615-060_E05_21BDRAA000_C03_premix.ab1	refseq|NC_002947.4|chromosome	98.333	120	2	0	202	321	1326086	1326205	2.74e-54	211	plus
H220615-060_E05_21BDRAA000_C03_premix.ab1	refseq|NC_002947.4|chromosome	98.333	120	2	0	202	321	2549273	2549392	2.74e-54	211	plus
H220615-060_E05_21BDRAA000_C03_premix.ab1	refseq|NC_002947.4|chromosome	99.145	117	1	0	205	321	5312095	5311979	2.74e-54	211	minus
H220615-060_E05_21BDRAA000_C03_premix.ab1	refseq|NC_002947.4|chromosome	97.674	43	1	0	118	160	171896	171938	3.75e-13	75.0	plus
H220615-060_E05_21BDRAA000_C03_premix.ab1	refseq|NC_002947.4|chromosome	97.674	43	1	0	118	160	177326	177368	3.75e-13	75.0	plus
H220615-060_E05_21BDRAA000_C03_premix.ab1	refseq|NC_002947.4|chromosome	97.674	43	1	0	118	160	525456	525498	3.75e-13	75.0	plus
H220615-060_E05_21BDRAA000_C03_premix.ab1	refseq|NC_002947.4|chromosome	97.674	43	1	0	118	160	698331	698373	3.75e-13	75.0	plus
H220615-060_E05_21BDRAA000_C03_premix.ab1	refseq|NC_002947.4|chromosome	97.674	43	1	0	118	160	1326010	1326052	3.75e-13	75.0	plus
H220615-060_E05_21BDRAA000_C03_premix.ab1	refseq|NC_002947.4|chromosome	97.674	43	1	0	118	160	2549197	2549239	3.75e-13	75.0	plus
H220615-060_E05_21BDRAA000_C03_premix.ab1	refseq|NC_002947.4|chromosome	97.674	43	1	0	118	160	5312174	5312132	3.75e-13	75.0	minus
H220615-060_E07_21BDRAA000_C04_premix.ab1	refseq|NC_002947.4|chromosome	98.074	623	12	0	106	728	2553287	2553909	0.0	1085	plus
H220615-060_E07_21BDRAA000_C04_premix.ab1	refseq|NC_002947.4|chromosome	97.913	623	13	0	106	728	702421	703043	0.0	1079	plus
H220615-060_E07_21BDRAA000_C04_premix.ab1	refseq|NC_002947.4|chromosome	97.913	623	13	0	106	728	1329887	1330509	0.0	1079	plus
H220615-060_E07_21BDRAA000_C04_premix.ab1	refseq|NC_002947.4|chromosome	97.753	623	14	0	106	728	5308019	5307397	0.0	1074	minus
H220615-060_E07_21BDRAA000_C04_premix.ab1	refseq|NC_002947.4|chromosome	97.596	624	14	1	106	728	175773	176396	0.0	1068	plus
H220615-060_E07_21BDRAA000_C04_premix.ab1	refseq|NC_002947.4|chromosome	97.436	624	15	1	106	728	181203	181826	0.0	1062	plus
H220615-060_E07_21BDRAA000_C04_premix.ab1	refseq|NC_002947.4|chromosome	96.308	623	11	5	106	728	529333	529943	0.0	1013	plus
H220615-060_E07_21BDRAA000_C04_premix.ab1	refseq|NC_002947.4|chromosome	91.176	170	10	5	559	726	181881	182047	5.84e-59	226	plus
H220615-060_E09_21BDRAA000_C05_premix.ab1	refseq|NC_002947.4|chromosome	99.443	718	4	0	105	822	173921	174638	0.0	1304	plus
H220615-060_E09_21BDRAA000_C05_premix.ab1	refseq|NC_002947.4|chromosome	99.443	718	4	0	105	822	179351	180068	0.0	1304	plus
H220615-060_E09_21BDRAA000_C05_premix.ab1	refseq|NC_002947.4|chromosome	99.443	718	4	0	105	822	700569	701286	0.0	1304	plus
H220615-060_E09_21BDRAA000_C05_premix.ab1	refseq|NC_002947.4|chromosome	99.443	718	4	0	105	822	1328035	1328752	0.0	1304	plus
H220615-060_E09_21BDRAA000_C05_premix.ab1	refseq|NC_002947.4|chromosome	99.443	718	4	0	105	822	2551435	2552152	0.0	1304	plus
H220615-060_E09_21BDRAA000_C05_premix.ab1	refseq|NC_002947.4|chromosome	99.443	718	4	0	105	822	5309871	5309154	0.0	1304	minus
H220615-060_E09_21BDRAA000_C05_premix.ab1	refseq|NC_002947.4|chromosome	99.304	718	5	0	105	822	527481	528198	0.0	1299	plus
H220615-060_E11_21BDRAA000_C06_premix.ab1	refseq|NC_002947.4|chromosome	99.597	248	0	1	100	346	171691	171938	6.71e-127	451	plus
H220615-060_E11_21BDRAA000_C06_premix.ab1	refseq|NC_002947.4|chromosome	99.597	248	0	1	100	346	177121	177368	6.71e-127	451	plus
H220615-060_E11_21BDRAA000_C06_premix.ab1	refseq|NC_002947.4|chromosome	99.597	248	0	1	100	346	525251	525498	6.71e-127	451	plus
H220615-060_E11_21BDRAA000_C06_premix.ab1	refseq|NC_002947.4|chromosome	99.597	248	0	1	100	346	1325805	1326052	6.71e-127	451	plus
H220615-060_E11_21BDRAA000_C06_premix.ab1	refseq|NC_002947.4|chromosome	99.597	248	0	1	100	346	2548992	2549239	6.71e-127	451	plus
H220615-060_E11_21BDRAA000_C06_premix.ab1	refseq|NC_002947.4|chromosome	99.597	248	0	1	100	346	5312379	5312132	6.71e-127	451	minus
H220615-060_E11_21BDRAA000_C06_premix.ab1	refseq|NC_002947.4|chromosome	99.194	248	1	1	100	346	698126	698373	3.12e-125	446	plus
H220615-060_E13_21BDRAA000_C07_premix.ab1	refseq|NC_002947.4|chromosome	88.862	413	41	4	114	523	172023	172433	6.29e-157	551	plus
H220615-060_E13_21BDRAA000_C07_premix.ab1	refseq|NC_002947.4|chromosome	88.862	413	41	4	114	523	177453	177863	6.29e-157	551	plus
H220615-060_E13_21BDRAA000_C07_premix.ab1	refseq|NC_002947.4|chromosome	88.862	413	41	4	114	523	525583	525993	6.29e-157	551	plus
H220615-060_E13_21BDRAA000_C07_premix.ab1	refseq|NC_002947.4|chromosome	88.862	413	41	4	114	523	698458	698868	6.29e-157	551	plus
H220615-060_E13_21BDRAA000_C07_premix.ab1	refseq|NC_002947.4|chromosome	88.862	413	41	4	114	523	1326137	1326547	6.29e-157	551	plus
H220615-060_E13_21BDRAA000_C07_premix.ab1	refseq|NC_002947.4|chromosome	88.862	413	41	4	114	523	2549324	2549734	6.29e-157	551	plus
H220615-060_E13_21BDRAA000_C07_premix.ab1	refseq|NC_002947.4|chromosome	88.862	413	41	4	114	523	5312047	5311637	6.29e-157	551	minus
H220615-060_E15_21BDRAA000_C08_premix.ab1	refseq|NC_002947.4|chromosome	97.198	928	23	3	119	1046	4664969	4664045	0.0	1567	minus
H220615-060_E17_21BDRAA000_C09_premix.ab1	refseq|NC_002947.4|chromosome	94.297	526	20	8	103	622	171417	171938	0.0	811	plus
H220615-060_E17_21BDRAA000_C09_premix.ab1	refseq|NC_002947.4|chromosome	94.297	526	20	8	103	622	176847	177368	0.0	811	plus
H220615-060_E17_21BDRAA000_C09_premix.ab1	refseq|NC_002947.4|chromosome	94.297	526	20	8	103	622	524977	525498	0.0	811	plus
H220615-060_E17_21BDRAA000_C09_premix.ab1	refseq|NC_002947.4|chromosome	94.297	526	20	8	103	622	1325531	1326052	0.0	811	plus
H220615-060_E17_21BDRAA000_C09_premix.ab1	refseq|NC_002947.4|chromosome	94.297	526	20	8	103	622	2548718	2549239	0.0	811	plus
H220615-060_E17_21BDRAA000_C09_premix.ab1	refseq|NC_002947.4|chromosome	94.297	526	20	8	103	622	5312653	5312132	0.0	811	minus
H220615-060_E17_21BDRAA000_C09_premix.ab1	refseq|NC_002947.4|chromosome	94.106	526	21	8	103	622	697852	698373	0.0	806	plus
H220615-060_E19_21BDRAA000_C10_premix.ab1	refseq|NC_002947.4|chromosome	96.980	563	16	1	117	679	309155	308594	0.0	944	minus
H220615-060_E21_21BDRAA000_C11_premix.ab1	refseq|NC_002947.4|chromosome	89.224	464	44	6	338	798	398478	398018	1.17e-179	627	minus
H220615-060_E23_21BDRAA000_C12_premix.ab1	refseq|NC_002947.4|chromosome	85.769	520	63	9	116	629	6068926	6068412	1.35e-168	590	minus
H220615-060_G01_21BDRAA000_D01_premix.ab1	refseq|NC_002947.4|chromosome	97.817	687	10	5	106	792	2553287	2553968	0.0	1181	plus
H220615-060_G01_21BDRAA000_D01_premix.ab1	refseq|NC_002947.4|chromosome	97.525	687	11	6	106	792	702421	703101	0.0	1170	plus
H220615-060_G01_21BDRAA000_D01_premix.ab1	refseq|NC_002947.4|chromosome	96.618	680	16	7	106	785	5308019	5307347	0.0	1122	minus
H220615-060_G01_21BDRAA000_D01_premix.ab1	refseq|NC_002947.4|chromosome	97.833	646	10	4	106	751	1329887	1330528	0.0	1112	plus
H220615-060_G01_21BDRAA000_D01_premix.ab1	refseq|NC_002947.4|chromosome	97.953	635	9	4	106	739	175773	176404	0.0	1098	plus
H220615-060_G01_21BDRAA000_D01_premix.ab1	refseq|NC_002947.4|chromosome	97.795	635	10	4	106	739	181203	181834	0.0	1092	plus
H220615-060_G01_21BDRAA000_D01_premix.ab1	refseq|NC_002947.4|chromosome	96.378	635	8	8	106	740	529333	529952	0.0	1031	plus
H220615-060_G01_21BDRAA000_D01_premix.ab1	refseq|NC_002947.4|chromosome	92.265	181	9	5	560	739	181881	182057	8.58e-67	252	plus
H220615-060_G03_21BDRAA000_D02_premix.ab1	refseq|NC_002947.4|chromosome	99.413	511	3	0	105	615	174146	174656	0.0	928	plus
H220615-060_G03_21BDRAA000_D02_premix.ab1	refseq|NC_002947.4|chromosome	99.413	511	3	0	105	615	179576	180086	0.0	928	plus
H220615-060_G03_21BDRAA000_D02_premix.ab1	refseq|NC_002947.4|chromosome	99.413	511	3	0	105	615	700794	701304	0.0	928	plus
H220615-060_G03_21BDRAA000_D02_premix.ab1	refseq|NC_002947.4|chromosome	99.413	511	3	0	105	615	1328260	1328770	0.0	928	plus
H220615-060_G03_21BDRAA000_D02_premix.ab1	refseq|NC_002947.4|chromosome	99.413	511	3	0	105	615	2551660	2552170	0.0	928	plus
H220615-060_G03_21BDRAA000_D02_premix.ab1	refseq|NC_002947.4|chromosome	99.413	511	3	0	105	615	5309646	5309136	0.0	928	minus
H220615-060_G03_21BDRAA000_D02_premix.ab1	refseq|NC_002947.4|chromosome	99.217	511	4	0	105	615	527706	528216	0.0	922	plus
H220615-060_G05_21BDRAA000_D03_premix.ab1	refseq|NC_002947.4|chromosome	95.819	598	20	4	226	820	174050	174645	0.0	974	plus
H220615-060_G05_21BDRAA000_D03_premix.ab1	refseq|NC_002947.4|chromosome	95.819	598	20	4	226	820	179480	180075	0.0	974	plus
H220615-060_G05_21BDRAA000_D03_premix.ab1	refseq|NC_002947.4|chromosome	95.819	598	20	4	226	820	700698	701293	0.0	974	plus
H220615-060_G05_21BDRAA000_D03_premix.ab1	refseq|NC_002947.4|chromosome	95.819	598	20	4	226	820	1328164	1328759	0.0	974	plus
H220615-060_G05_21BDRAA000_D03_premix.ab1	refseq|NC_002947.4|chromosome	95.819	598	20	4	226	820	2551564	2552159	0.0	974	plus
H220615-060_G05_21BDRAA000_D03_premix.ab1	refseq|NC_002947.4|chromosome	96.115	592	18	4	235	823	5309733	5309144	0.0	974	minus
H220615-060_G05_21BDRAA000_D03_premix.ab1	refseq|NC_002947.4|chromosome	95.652	598	21	4	226	820	527610	528205	0.0	968	plus
H220615-060_G07_21BDRAA000_D04_premix.ab1	refseq|NC_002947.4|chromosome	95.143	947	32	13	100	1046	1328260	1329192	0.0	1482	plus
H220615-060_G07_21BDRAA000_D04_premix.ab1	refseq|NC_002947.4|chromosome	95.143	947	32	13	100	1046	2551660	2552592	0.0	1482	plus
H220615-060_G07_21BDRAA000_D04_premix.ab1	refseq|NC_002947.4|chromosome	95.053	950	33	13	100	1049	5309646	5308711	0.0	1482	minus
H220615-060_G07_21BDRAA000_D04_premix.ab1	refseq|NC_002947.4|chromosome	95.037	947	33	13	100	1046	174146	175078	0.0	1476	plus
H220615-060_G07_21BDRAA000_D04_premix.ab1	refseq|NC_002947.4|chromosome	95.037	947	33	13	100	1046	179576	180508	0.0	1476	plus
H220615-060_G07_21BDRAA000_D04_premix.ab1	refseq|NC_002947.4|chromosome	95.037	947	33	13	100	1046	700794	701726	0.0	1476	plus
H220615-060_G07_21BDRAA000_D04_premix.ab1	refseq|NC_002947.4|chromosome	94.931	947	34	13	100	1046	527706	528638	0.0	1471	plus
H220615-060_G09_21BDRAA000_D05_premix.ab1	refseq|NC_002947.4|chromosome	98.122	213	2	2	106	317	707103	706892	3.35e-102	370	minus
H220615-060_G09_21BDRAA000_D05_premix.ab1	refseq|NC_002947.4|chromosome	91.489	47	3	1	228	274	5514742	5514697	6.36e-10	63.9	minus
H220615-060_G09_21BDRAA000_D05_premix.ab1	refseq|NC_002947.4|chromosome	95.000	40	2	0	232	271	5681455	5681416	6.36e-10	63.9	minus
H220615-060_G09_21BDRAA000_D05_premix.ab1	refseq|NC_002947.4|chromosome	100.000	32	0	0	228	259	5099973	5099942	8.23e-09	60.2	minus
H220615-060_G11_21BDRAA000_D06_premix.ab1	refseq|NC_002947.4|chromosome	97.276	624	10	7	108	730	1330444	1331061	0.0	1051	plus
H220615-060_G11_21BDRAA000_D06_premix.ab1	refseq|NC_002947.4|chromosome	92.880	309	15	7	423	730	3809715	3809413	5.37e-124	442	minus
H220615-060_G11_21BDRAA000_D06_premix.ab1	refseq|NC_002947.4|chromosome	87.634	186	11	3	108	281	702978	703163	7.66e-53	206	plus
H220615-060_G11_21BDRAA000_D06_premix.ab1	refseq|NC_002947.4|chromosome	89.697	165	5	3	108	260	2553844	2554008	3.57e-51	200	plus
H220615-060_G11_21BDRAA000_D06_premix.ab1	refseq|NC_002947.4|chromosome	97.000	100	3	0	108	207	5307462	5307363	1.01e-41	169	minus
H220615-060_G11_21BDRAA000_D06_premix.ab1	refseq|NC_002947.4|chromosome	96.591	88	2	1	108	194	529878	529965	1.69e-34	145	plus
H220615-060_G11_21BDRAA000_D06_premix.ab1	refseq|NC_002947.4|chromosome	98.649	74	1	0	108	181	176331	176404	1.32e-30	132	plus
H220615-060_G11_21BDRAA000_D06_premix.ab1	refseq|NC_002947.4|chromosome	97.297	74	2	0	108	181	181761	181834	6.14e-29	126	plus
H220615-060_G11_21BDRAA000_D06_premix.ab1	refseq|NC_002947.4|chromosome	100.000	47	0	0	215	261	1804636	1804682	2.90e-17	87.9	plus
H220615-060_G11_21BDRAA000_D06_premix.ab1	refseq|NC_002947.4|chromosome	95.918	49	2	0	216	264	1436058	1436010	4.85e-15	80.5	minus
H220615-060_G11_21BDRAA000_D06_premix.ab1	refseq|NC_002947.4|chromosome	95.745	47	2	0	215	261	4282173	4282127	6.27e-14	76.8	minus
H220615-060_G11_21BDRAA000_D06_premix.ab1	refseq|NC_002947.4|chromosome	97.727	44	1	0	216	259	4583527	4583570	6.27e-14	76.8	plus
H220615-060_G11_21BDRAA000_D06_premix.ab1	refseq|NC_002947.4|chromosome	85.135	74	9	2	108	181	181986	182057	2.25e-13	75.0	plus
H220615-060_G11_21BDRAA000_D06_premix.ab1	refseq|NC_002947.4|chromosome	92.453	53	2	2	215	266	5955940	5955889	2.25e-13	75.0	minus
H220615-060_G11_21BDRAA000_D06_premix.ab1	refseq|NC_002947.4|chromosome	95.556	45	2	0	215	259	598007	597963	8.11e-13	73.1	minus
H220615-060_G11_21BDRAA000_D06_premix.ab1	refseq|NC_002947.4|chromosome	97.561	41	0	1	224	264	917725	917686	1.05e-11	69.4	minus
H220615-060_G11_21BDRAA000_D06_premix.ab1	refseq|NC_002947.4|chromosome	93.617	47	2	1	215	261	5270989	5271034	1.05e-11	69.4	plus
H220615-060_G11_21BDRAA000_D06_premix.ab1	refseq|NC_002947.4|chromosome	90.566	53	4	1	210	261	6060483	6060431	1.05e-11	69.4	minus
H220615-060_G11_21BDRAA000_D06_premix.ab1	refseq|NC_002947.4|chromosome	90.385	52	4	1	210	260	4925105	4925054	3.77e-11	67.6	minus
H220615-060_G11_21BDRAA000_D06_premix.ab1	refseq|NC_002947.4|chromosome	91.667	48	4	0	217	264	5295539	5295492	3.77e-11	67.6	minus
H220615-060_G11_21BDRAA000_D06_premix.ab1	refseq|NC_002947.4|chromosome	91.304	46	4	0	216	261	726941	726896	4.88e-10	63.9	minus
H220615-060_G11_21BDRAA000_D06_premix.ab1	refseq|NC_002947.4|chromosome	89.796	49	4	1	212	260	5571444	5571491	1.76e-09	62.1	plus
H220615-060_G11_21BDRAA000_D06_premix.ab1	refseq|NC_002947.4|chromosome	88.235	51	5	1	215	265	2957118	2957069	6.31e-09	60.2	minus
H220615-060_G11_21BDRAA000_D06_premix.ab1	refseq|NC_002947.4|chromosome	90.909	44	4	0	217	260	5671656	5671699	6.31e-09	60.2	plus
H220615-060_G11_21BDRAA000_D06_premix.ab1	refseq|NC_002947.4|chromosome	87.755	49	5	1	216	264	458874	458827	8.17e-08	56.5	minus
H220615-060_G13_21BDRAA000_D07_premix.ab1	refseq|NC_002947.4|chromosome	100.000	602	0	0	105	706	174044	174645	0.0	1112	plus
H220615-060_G13_21BDRAA000_D07_premix.ab1	refseq|NC_002947.4|chromosome	100.000	602	0	0	105	706	179474	180075	0.0	1112	plus
H220615-060_G13_21BDRAA000_D07_premix.ab1	refseq|NC_002947.4|chromosome	100.000	602	0	0	105	706	700692	701293	0.0	1112	plus
H220615-060_G13_21BDRAA000_D07_premix.ab1	refseq|NC_002947.4|chromosome	100.000	602	0	0	105	706	1328158	1328759	0.0	1112	plus
H220615-060_G13_21BDRAA000_D07_premix.ab1	refseq|NC_002947.4|chromosome	100.000	602	0	0	105	706	2551558	2552159	0.0	1112	plus
H220615-060_G13_21BDRAA000_D07_premix.ab1	refseq|NC_002947.4|chromosome	99.835	605	1	0	105	709	5309748	5309144	0.0	1112	minus
H220615-060_G13_21BDRAA000_D07_premix.ab1	refseq|NC_002947.4|chromosome	99.834	602	1	0	105	706	527604	528205	0.0	1107	plus
H220615-060_G13_21BDRAA000_D07_premix.ab1	refseq|NC_002947.4|chromosome	87.906	339	32	9	784	1121	174392	174062	1.88e-108	390	minus
H220615-060_G13_21BDRAA000_D07_premix.ab1	refseq|NC_002947.4|chromosome	87.906	339	32	9	784	1121	179822	179492	1.88e-108	390	minus
H220615-060_G13_21BDRAA000_D07_premix.ab1	refseq|NC_002947.4|chromosome	87.906	339	32	9	784	1121	701040	700710	1.88e-108	390	minus
H220615-060_G13_21BDRAA000_D07_premix.ab1	refseq|NC_002947.4|chromosome	87.906	339	32	9	784	1121	1328506	1328176	1.88e-108	390	minus
H220615-060_G13_21BDRAA000_D07_premix.ab1	refseq|NC_002947.4|chromosome	87.906	339	32	9	784	1121	2551906	2551576	1.88e-108	390	minus
H220615-060_G13_21BDRAA000_D07_premix.ab1	refseq|NC_002947.4|chromosome	88.485	330	29	9	784	1112	5309400	5309721	1.88e-108	390	plus
H220615-060_G13_21BDRAA000_D07_premix.ab1	refseq|NC_002947.4|chromosome	89.711	311	23	9	812	1121	527924	527622	6.76e-108	388	minus
H220615-060_G15_21BDRAA000_D08_premix.ab1	refseq|NC_002947.4|chromosome	100.000	494	0	0	159	652	1328789	1329282	0.0	913	plus
H220615-060_G15_21BDRAA000_D08_premix.ab1	refseq|NC_002947.4|chromosome	100.000	494	0	0	159	652	2552189	2552682	0.0	913	plus
H220615-060_G15_21BDRAA000_D08_premix.ab1	refseq|NC_002947.4|chromosome	100.000	494	0	0	159	652	5309117	5308624	0.0	913	minus
H220615-060_G15_21BDRAA000_D08_premix.ab1	refseq|NC_002947.4|chromosome	99.798	494	1	0	159	652	174675	175168	0.0	907	plus
H220615-060_G15_21BDRAA000_D08_premix.ab1	refseq|NC_002947.4|chromosome	99.798	494	1	0	159	652	180105	180598	0.0	907	plus
H220615-060_G15_21BDRAA000_D08_premix.ab1	refseq|NC_002947.4|chromosome	99.798	494	1	0	159	652	528235	528728	0.0	907	plus
H220615-060_G15_21BDRAA000_D08_premix.ab1	refseq|NC_002947.4|chromosome	99.798	494	1	0	159	652	701323	701816	0.0	907	plus
H220615-060_G17_21BDRAA000_D09_premix.ab1	refseq|NC_002947.4|chromosome	94.803	558	29	0	111	668	5307994	5307437	0.0	870	minus
H220615-060_G17_21BDRAA000_D09_premix.ab1	refseq|NC_002947.4|chromosome	96.045	531	21	0	111	641	1329912	1330442	0.0	865	plus
H220615-060_G17_21BDRAA000_D09_premix.ab1	refseq|NC_002947.4|chromosome	96.045	531	21	0	111	641	2553312	2553842	0.0	865	plus
H220615-060_G17_21BDRAA000_D09_premix.ab1	refseq|NC_002947.4|chromosome	95.857	531	22	0	111	641	702446	702976	0.0	859	plus
H220615-060_G17_21BDRAA000_D09_premix.ab1	refseq|NC_002947.4|chromosome	95.489	532	23	1	111	641	175798	176329	0.0	848	plus
H220615-060_G17_21BDRAA000_D09_premix.ab1	refseq|NC_002947.4|chromosome	95.489	532	23	1	111	641	181228	181759	0.0	848	plus
H220615-060_G17_21BDRAA000_D09_premix.ab1	refseq|NC_002947.4|chromosome	93.974	531	20	5	111	641	529358	529876	0.0	793	plus
H220615-060_G19_21BDRAA000_D10_premix.ab1	refseq|NC_002947.4|chromosome	94.888	802	35	5	111	907	5943894	5944694	0.0	1267	plus
H220615-060_G21_21BDRAA000_D11_premix.ab1	refseq|NC_002947.4|chromosome	80.889	225	32	9	238	457	5089962	5090180	4.11e-41	167	plus
H220615-060_G23_21BDRAA000_D12_premix.ab1	refseq|NC_002947.4|chromosome	96.053	836	24	9	116	950	864368	865195	0.0	1352	plus
H220615-060_I01_21BDRAA000_E01_premix.ab1	refseq|NC_002947.4|chromosome	92.171	843	28	35	105	947	1328329	1329133	0.0	1157	plus
H220615-060_I01_21BDRAA000_E01_premix.ab1	refseq|NC_002947.4|chromosome	92.171	843	28	35	105	947	2551729	2552533	0.0	1157	plus
H220615-060_I01_21BDRAA000_E01_premix.ab1	refseq|NC_002947.4|chromosome	92.171	843	28	35	105	947	5309577	5308773	0.0	1157	minus
H220615-060_I01_21BDRAA000_E01_premix.ab1	refseq|NC_002947.4|chromosome	92.052	843	29	35	105	947	174215	175019	0.0	1151	plus
H220615-060_I01_21BDRAA000_E01_premix.ab1	refseq|NC_002947.4|chromosome	92.052	843	29	35	105	947	179645	180449	0.0	1151	plus
H220615-060_I01_21BDRAA000_E01_premix.ab1	refseq|NC_002947.4|chromosome	92.052	843	29	35	105	947	700863	701667	0.0	1151	plus
H220615-060_I01_21BDRAA000_E01_premix.ab1	refseq|NC_002947.4|chromosome	91.934	843	30	35	105	947	527775	528579	0.0	1146	plus
H220615-060_I03_21BDRAA000_E02_premix.ab1	refseq|NC_002947.4|chromosome	97.514	925	13	9	107	1030	2552987	2553902	0.0	1572	plus
H220615-060_I03_21BDRAA000_E02_premix.ab1	refseq|NC_002947.4|chromosome	97.405	925	14	9	107	1030	702121	703036	0.0	1567	plus
H220615-060_I03_21BDRAA000_E02_premix.ab1	refseq|NC_002947.4|chromosome	97.405	925	14	9	107	1030	1329587	1330502	0.0	1567	plus
H220615-060_I03_21BDRAA000_E02_premix.ab1	refseq|NC_002947.4|chromosome	97.297	925	15	9	107	1030	5308319	5307404	0.0	1561	minus
H220615-060_I03_21BDRAA000_E02_premix.ab1	refseq|NC_002947.4|chromosome	97.192	926	15	10	107	1030	175473	176389	0.0	1555	plus
H220615-060_I03_21BDRAA000_E02_premix.ab1	refseq|NC_002947.4|chromosome	97.084	926	16	10	107	1030	180903	181819	0.0	1550	plus
H220615-060_I03_21BDRAA000_E02_premix.ab1	refseq|NC_002947.4|chromosome	96.216	925	13	16	107	1030	529033	529936	0.0	1495	plus
H220615-060_I03_21BDRAA000_E02_premix.ab1	refseq|NC_002947.4|chromosome	95.489	133	4	2	865	996	181881	182012	1.52e-54	211	plus
H220615-060_I05_21BDRAA000_E03_premix.ab1	refseq|NC_002947.4|chromosome	92.694	219	16	0	145	363	1328789	1329007	6.30e-91	331	plus
H220615-060_I05_21BDRAA000_E03_premix.ab1	refseq|NC_002947.4|chromosome	92.694	219	16	0	145	363	2552189	2552407	6.30e-91	331	plus
H220615-060_I05_21BDRAA000_E03_premix.ab1	refseq|NC_002947.4|chromosome	92.694	219	16	0	145	363	5309117	5308899	6.30e-91	331	minus
H220615-060_I05_21BDRAA000_E03_premix.ab1	refseq|NC_002947.4|chromosome	92.237	219	17	0	145	363	174675	174893	2.93e-89	326	plus
H220615-060_I05_21BDRAA000_E03_premix.ab1	refseq|NC_002947.4|chromosome	92.237	219	17	0	145	363	180105	180323	2.93e-89	326	plus
H220615-060_I05_21BDRAA000_E03_premix.ab1	refseq|NC_002947.4|chromosome	92.237	219	17	0	145	363	528235	528453	2.93e-89	326	plus
H220615-060_I05_21BDRAA000_E03_premix.ab1	refseq|NC_002947.4|chromosome	92.237	219	17	0	145	363	701323	701541	2.93e-89	326	plus
H220615-060_I07_21BDRAA000_E04_premix.ab1	refseq|NC_002947.4|chromosome	99.714	699	2	0	105	803	173958	174656	0.0	1280	plus
H220615-060_I07_21BDRAA000_E04_premix.ab1	refseq|NC_002947.4|chromosome	99.714	699	2	0	105	803	179388	180086	0.0	1280	plus
H220615-060_I07_21BDRAA000_E04_premix.ab1	refseq|NC_002947.4|chromosome	99.714	699	2	0	105	803	700606	701304	0.0	1280	plus
H220615-060_I07_21BDRAA000_E04_premix.ab1	refseq|NC_002947.4|chromosome	99.714	699	2	0	105	803	1328072	1328770	0.0	1280	plus
H220615-060_I07_21BDRAA000_E04_premix.ab1	refseq|NC_002947.4|chromosome	99.714	699	2	0	105	803	2551472	2552170	0.0	1280	plus
H220615-060_I07_21BDRAA000_E04_premix.ab1	refseq|NC_002947.4|chromosome	99.714	699	2	0	105	803	5309834	5309136	0.0	1280	minus
H220615-060_I07_21BDRAA000_E04_premix.ab1	refseq|NC_002947.4|chromosome	99.571	699	3	0	105	803	527518	528216	0.0	1275	plus
H220615-060_I09_21BDRAA000_E05_premix.ab1	refseq|NC_002947.4|chromosome	100.000	494	0	0	140	633	1328788	1329281	0.0	913	plus
H220615-060_I09_21BDRAA000_E05_premix.ab1	refseq|NC_002947.4|chromosome	100.000	494	0	0	140	633	2552188	2552681	0.0	913	plus
H220615-060_I09_21BDRAA000_E05_premix.ab1	refseq|NC_002947.4|chromosome	100.000	494	0	0	140	633	5309118	5308625	0.0	913	minus
H220615-060_I09_21BDRAA000_E05_premix.ab1	refseq|NC_002947.4|chromosome	99.798	494	1	0	140	633	174674	175167	0.0	907	plus
H220615-060_I09_21BDRAA000_E05_premix.ab1	refseq|NC_002947.4|chromosome	99.798	494	1	0	140	633	180104	180597	0.0	907	plus
H220615-060_I09_21BDRAA000_E05_premix.ab1	refseq|NC_002947.4|chromosome	99.798	494	1	0	140	633	528234	528727	0.0	907	plus
H220615-060_I09_21BDRAA000_E05_premix.ab1	refseq|NC_002947.4|chromosome	99.798	494	1	0	140	633	701322	701815	0.0	907	plus
H220615-060_I11_21BDRAA000_E06_premix.ab1	refseq|NC_002947.4|chromosome	93.360	753	42	8	105	856	4669095	4668350	0.0	1107	minus
H220615-060_I13_21BDRAA000_E07_premix.ab1	refseq|NC_002947.4|chromosome	99.098	665	5	1	107	771	4632547	4631884	0.0	1194	minus
H220615-060_I13_21BDRAA000_E07_premix.ab1	refseq|NC_002947.4|chromosome	86.280	328	13	31	879	1206	4631788	4631493	1.57e-89	327	minus
H220615-060_I15_21BDRAA000_E08_premix.ab1	refseq|NC_002947.4|chromosome	91.061	358	24	6	105	458	265406	265759	1.60e-134	477	plus
H220615-060_I15_21BDRAA000_E08_premix.ab1	refseq|NC_002947.4|chromosome	84.229	279	36	8	498	775	4632155	4631884	1.36e-70	265	minus
H220615-060_I17_21BDRAA000_E09_premix.ab1	refseq|NC_002947.4|chromosome	97.227	577	15	1	115	690	4632547	4631971	0.0	976	minus
H220615-060_I19_21BDRAA000_E10_premix.ab1	refseq|NC_002947.4|chromosome	99.169	361	2	1	118	478	5162160	5162519	0.0	649	plus
H220615-060_I21_21BDRAA000_E11_premix.ab1	refseq|NC_002947.4|chromosome	94.755	572	28	2	115	686	4888872	4888303	0.0	889	minus
H220615-060_I23_21BDRAA000_E12_premix.ab1	refseq|NC_002947.4|chromosome	98.152	541	6	4	115	655	514665	515201	0.0	941	plus
H220615-060_K01_21BDRAA000_F01_premix.ab1	refseq|NC_002947.4|chromosome	97.485	517	9	4	102	616	171424	171938	0.0	881	plus
H220615-060_K01_21BDRAA000_F01_premix.ab1	refseq|NC_002947.4|chromosome	97.485	517	9	4	102	616	176854	177368	0.0	881	plus
H220615-060_K01_21BDRAA000_F01_premix.ab1	refseq|NC_002947.4|chromosome	97.485	517	9	4	102	616	524984	525498	0.0	881	plus
H220615-060_K01_21BDRAA000_F01_premix.ab1	refseq|NC_002947.4|chromosome	97.485	517	9	4	102	616	1325538	1326052	0.0	881	plus
H220615-060_K01_21BDRAA000_F01_premix.ab1	refseq|NC_002947.4|chromosome	97.485	517	9	4	102	616	2548725	2549239	0.0	881	plus
H220615-060_K01_21BDRAA000_F01_premix.ab1	refseq|NC_002947.4|chromosome	97.485	517	9	4	102	616	5312646	5312132	0.0	881	minus
H220615-060_K01_21BDRAA000_F01_premix.ab1	refseq|NC_002947.4|chromosome	97.292	517	10	4	102	616	697859	698373	0.0	876	plus
H220615-060_K03_21BDRAA000_F02_premix.ab1	refseq|NC_002947.4|chromosome	97.956	685	11	3	108	792	2553287	2553968	0.0	1184	plus
H220615-060_K03_21BDRAA000_F02_premix.ab1	refseq|NC_002947.4|chromosome	97.664	685	12	4	108	792	702421	703101	0.0	1173	plus
H220615-060_K03_21BDRAA000_F02_premix.ab1	refseq|NC_002947.4|chromosome	96.903	678	16	5	108	785	5308019	5307347	0.0	1131	minus
H220615-060_K03_21BDRAA000_F02_premix.ab1	refseq|NC_002947.4|chromosome	97.572	659	11	5	108	766	1329887	1330540	0.0	1123	plus
H220615-060_K03_21BDRAA000_F02_premix.ab1	refseq|NC_002947.4|chromosome	98.268	635	7	4	108	741	175773	176404	0.0	1109	plus
H220615-060_K03_21BDRAA000_F02_premix.ab1	refseq|NC_002947.4|chromosome	98.110	635	8	4	108	741	181203	181834	0.0	1103	plus
H220615-060_K03_21BDRAA000_F02_premix.ab1	refseq|NC_002947.4|chromosome	96.693	635	6	8	108	742	529333	529952	0.0	1042	plus
H220615-060_K03_21BDRAA000_F02_premix.ab1	refseq|NC_002947.4|chromosome	91.713	181	10	5	562	741	181881	182057	4.16e-65	246	plus
H220615-060_K05_21BDRAA000_F03_premix.ab1	refseq|NC_002947.4|chromosome	87.463	335	31	7	105	433	172103	172432	2.44e-104	375	plus
H220615-060_K05_21BDRAA000_F03_premix.ab1	refseq|NC_002947.4|chromosome	87.463	335	31	7	105	433	177533	177862	2.44e-104	375	plus
H220615-060_K05_21BDRAA000_F03_premix.ab1	refseq|NC_002947.4|chromosome	87.463	335	31	7	105	433	525663	525992	2.44e-104	375	plus
H220615-060_K05_21BDRAA000_F03_premix.ab1	refseq|NC_002947.4|chromosome	87.463	335	31	7	105	433	698538	698867	2.44e-104	375	plus
H220615-060_K05_21BDRAA000_F03_premix.ab1	refseq|NC_002947.4|chromosome	87.463	335	31	7	105	433	1326217	1326546	2.44e-104	375	plus
H220615-060_K05_21BDRAA000_F03_premix.ab1	refseq|NC_002947.4|chromosome	87.463	335	31	7	105	433	2549404	2549733	2.44e-104	375	plus
H220615-060_K05_21BDRAA000_F03_premix.ab1	refseq|NC_002947.4|chromosome	87.463	335	31	7	105	433	5311967	5311638	2.44e-104	375	minus
H220615-060_K07_21BDRAA000_F04_premix.ab1	refseq|NC_002947.4|chromosome	93.026	760	36	15	108	864	952511	951766	0.0	1094	minus
H220615-060_K09_21BDRAA000_F05_premix.ab1	refseq|NC_002947.4|chromosome	95.760	1085	29	17	102	1173	1449842	1448762	0.0	1733	minus
H220615-060_K11_21BDRAA000_F06_premix.ab1	refseq|NC_002947.4|chromosome	93.560	559	36	0	107	665	4632547	4631989	0.0	833	minus
H220615-060_K13_21BDRAA000_F07_premix.ab1	refseq|NC_002947.4|chromosome	94.135	989	44	14	107	1086	4669095	4668112	0.0	1493	minus
H220615-060_K15_21BDRAA000_F08_premix.ab1	refseq|NC_002947.4|chromosome	92.868	631	39	6	118	745	174529	175156	0.0	935	plus
H220615-060_K15_21BDRAA000_F08_premix.ab1	refseq|NC_002947.4|chromosome	92.868	631	39	6	118	745	179959	180586	0.0	935	plus
H220615-060_K15_21BDRAA000_F08_premix.ab1	refseq|NC_002947.4|chromosome	92.868	631	39	6	118	745	528089	528716	0.0	935	plus
H220615-060_K15_21BDRAA000_F08_premix.ab1	refseq|NC_002947.4|chromosome	92.868	631	39	6	118	745	701177	701804	0.0	935	plus
H220615-060_K15_21BDRAA000_F08_premix.ab1	refseq|NC_002947.4|chromosome	92.710	631	40	6	118	745	1328643	1329270	0.0	929	plus
H220615-060_K15_21BDRAA000_F08_premix.ab1	refseq|NC_002947.4|chromosome	92.710	631	40	6	118	745	2552043	2552670	0.0	929	plus
H220615-060_K15_21BDRAA000_F08_premix.ab1	refseq|NC_002947.4|chromosome	92.465	637	42	6	118	751	5309263	5308630	0.0	929	minus
H220615-060_K17_21BDRAA000_F09_premix.ab1	refseq|NC_002947.4|chromosome	96.796	593	18	1	108	700	1326542	1327133	0.0	989	plus
H220615-060_K17_21BDRAA000_F09_premix.ab1	refseq|NC_002947.4|chromosome	96.627	593	19	1	108	700	525988	526579	0.0	983	plus
H220615-060_K17_21BDRAA000_F09_premix.ab1	refseq|NC_002947.4|chromosome	96.459	593	20	1	108	700	172428	173019	0.0	977	plus
H220615-060_K17_21BDRAA000_F09_premix.ab1	refseq|NC_002947.4|chromosome	96.459	593	20	1	108	700	177858	178449	0.0	977	plus
H220615-060_K17_21BDRAA000_F09_premix.ab1	refseq|NC_002947.4|chromosome	98.696	537	7	0	108	644	698863	699399	0.0	953	plus
H220615-060_K17_21BDRAA000_F09_premix.ab1	refseq|NC_002947.4|chromosome	98.696	537	7	0	108	644	2549729	2550265	0.0	953	plus
H220615-060_K17_21BDRAA000_F09_premix.ab1	refseq|NC_002947.4|chromosome	98.696	537	7	0	108	644	5311642	5311106	0.0	953	minus
H220615-060_K19_21BDRAA000_F10_premix.ab1	refseq|NC_002947.4|chromosome	78.035	173	30	8	117	285	182363	182195	5.11e-26	115	minus
H220615-060_K23_21BDRAA000_F12_premix.ab1	refseq|NC_002947.4|chromosome	99.738	382	1	0	115	496	5087270	5087651	0.0	701	plus
H220615-060_M01_21BDRAA000_G01_premix.ab1	refseq|NC_002947.4|chromosome	99.587	726	2	1	107	832	173921	174645	0.0	1323	plus
H220615-060_M01_21BDRAA000_G01_premix.ab1	refseq|NC_002947.4|chromosome	99.587	726	2	1	107	832	179351	180075	0.0	1323	plus
H220615-060_M01_21BDRAA000_G01_premix.ab1	refseq|NC_002947.4|chromosome	99.587	726	2	1	107	832	700569	701293	0.0	1323	plus
H220615-060_M01_21BDRAA000_G01_premix.ab1	refseq|NC_002947.4|chromosome	99.587	726	2	1	107	832	1328035	1328759	0.0	1323	plus
H220615-060_M01_21BDRAA000_G01_premix.ab1	refseq|NC_002947.4|chromosome	99.587	726	2	1	107	832	2551435	2552159	0.0	1323	plus
H220615-060_M01_21BDRAA000_G01_premix.ab1	refseq|NC_002947.4|chromosome	99.587	726	2	1	107	832	5309871	5309147	0.0	1323	minus
H220615-060_M01_21BDRAA000_G01_premix.ab1	refseq|NC_002947.4|chromosome	99.449	726	3	1	107	832	527481	528205	0.0	1317	plus
H220615-060_M03_21BDRAA000_G02_premix.ab1	refseq|NC_002947.4|chromosome	95.063	871	37	6	110	978	1329587	1330453	0.0	1365	plus
H220615-060_M03_21BDRAA000_G02_premix.ab1	refseq|NC_002947.4|chromosome	95.063	871	37	6	110	978	2552987	2553853	0.0	1365	plus
H220615-060_M03_21BDRAA000_G02_premix.ab1	refseq|NC_002947.4|chromosome	94.948	871	38	6	110	978	702121	702987	0.0	1360	plus
H220615-060_M03_21BDRAA000_G02_premix.ab1	refseq|NC_002947.4|chromosome	94.851	874	39	6	110	981	5308319	5307450	0.0	1360	minus
H220615-060_M03_21BDRAA000_G02_premix.ab1	refseq|NC_002947.4|chromosome	94.725	872	39	7	110	978	175473	176340	0.0	1349	plus
H220615-060_M03_21BDRAA000_G02_premix.ab1	refseq|NC_002947.4|chromosome	94.725	872	39	7	110	978	180903	181770	0.0	1349	plus
H220615-060_M03_21BDRAA000_G02_premix.ab1	refseq|NC_002947.4|chromosome	93.685	871	37	12	110	978	529033	529887	0.0	1288	plus
H220615-060_M05_21BDRAA000_G03_premix.ab1	refseq|NC_002947.4|chromosome	99.798	494	1	0	141	634	1328788	1329281	0.0	907	plus
H220615-060_M05_21BDRAA000_G03_premix.ab1	refseq|NC_002947.4|chromosome	99.798	494	1	0	141	634	2552188	2552681	0.0	907	plus
H220615-060_M05_21BDRAA000_G03_premix.ab1	refseq|NC_002947.4|chromosome	99.798	494	1	0	141	634	5309118	5308625	0.0	907	minus
H220615-060_M05_21BDRAA000_G03_premix.ab1	refseq|NC_002947.4|chromosome	99.595	494	2	0	141	634	174674	175167	0.0	902	plus
H220615-060_M05_21BDRAA000_G03_premix.ab1	refseq|NC_002947.4|chromosome	99.595	494	2	0	141	634	180104	180597	0.0	902	plus
H220615-060_M05_21BDRAA000_G03_premix.ab1	refseq|NC_002947.4|chromosome	99.595	494	2	0	141	634	528234	528727	0.0	902	plus
H220615-060_M05_21BDRAA000_G03_premix.ab1	refseq|NC_002947.4|chromosome	99.595	494	2	0	141	634	701322	701815	0.0	902	plus
H220615-060_M07_21BDRAA000_G04_premix.ab1	refseq|NC_002947.4|chromosome	94.290	648	31	6	106	750	952511	951867	0.0	987	minus
H220615-060_M09_21BDRAA000_G05_premix.ab1	refseq|NC_002947.4|chromosome	99.125	686	6	0	104	789	2553287	2553972	0.0	1234	plus
H220615-060_M09_21BDRAA000_G05_premix.ab1	refseq|NC_002947.4|chromosome	98.834	686	7	1	104	789	702421	703105	0.0	1221	plus
H220615-060_M09_21BDRAA000_G05_premix.ab1	refseq|NC_002947.4|chromosome	98.222	675	10	2	104	778	5308019	5307347	0.0	1179	minus
H220615-060_M09_21BDRAA000_G05_premix.ab1	refseq|NC_002947.4|chromosome	98.782	657	6	2	104	760	1329887	1330541	0.0	1168	plus
H220615-060_M09_21BDRAA000_G05_premix.ab1	refseq|NC_002947.4|chromosome	99.367	632	3	1	104	734	175773	176404	0.0	1144	plus
H220615-060_M09_21BDRAA000_G05_premix.ab1	refseq|NC_002947.4|chromosome	99.209	632	4	1	104	734	181203	181834	0.0	1138	plus
H220615-060_M09_21BDRAA000_G05_premix.ab1	refseq|NC_002947.4|chromosome	97.235	651	3	8	104	752	529333	529970	0.0	1088	plus
H220615-060_M09_21BDRAA000_G05_premix.ab1	refseq|NC_002947.4|chromosome	92.737	179	10	3	557	734	181881	182057	7.05e-68	255	plus
H220615-060_M11_21BDRAA000_G06_premix.ab1	refseq|NC_002947.4|chromosome	98.233	566	10	0	104	669	527127	527692	0.0	990	plus
H220615-060_M11_21BDRAA000_G06_premix.ab1	refseq|NC_002947.4|chromosome	98.233	566	10	0	104	669	700215	700780	0.0	990	plus
H220615-060_M11_21BDRAA000_G06_premix.ab1	refseq|NC_002947.4|chromosome	98.233	566	10	0	104	669	1327681	1328246	0.0	990	plus
H220615-060_M11_21BDRAA000_G06_premix.ab1	refseq|NC_002947.4|chromosome	98.233	566	10	0	104	669	5310225	5309660	0.0	990	minus
H220615-060_M11_21BDRAA000_G06_premix.ab1	refseq|NC_002947.4|chromosome	98.057	566	11	0	104	669	173567	174132	0.0	985	plus
H220615-060_M11_21BDRAA000_G06_premix.ab1	refseq|NC_002947.4|chromosome	98.057	566	11	0	104	669	178997	179562	0.0	985	plus
H220615-060_M11_21BDRAA000_G06_premix.ab1	refseq|NC_002947.4|chromosome	98.057	566	11	0	104	669	2551081	2551646	0.0	985	plus
H220615-060_M13_21BDRAA000_G07_premix.ab1	refseq|NC_002947.4|chromosome	96.799	656	18	3	108	760	703193	702538	0.0	1096	minus
H220615-060_M13_21BDRAA000_G07_premix.ab1	refseq|NC_002947.4|chromosome	98.157	597	10	1	165	760	2554000	2553404	0.0	1040	minus
H220615-060_M13_21BDRAA000_G07_premix.ab1	refseq|NC_002947.4|chromosome	97.307	557	14	1	204	760	5307347	5307902	0.0	944	plus
H220615-060_M13_21BDRAA000_G07_premix.ab1	refseq|NC_002947.4|chromosome	95.470	596	16	2	165	760	1330588	1330004	0.0	941	minus
H220615-060_M13_21BDRAA000_G07_premix.ab1	refseq|NC_002947.4|chromosome	98.835	515	5	1	247	760	176404	175890	0.0	917	minus
H220615-060_M13_21BDRAA000_G07_premix.ab1	refseq|NC_002947.4|chromosome	98.641	515	6	1	247	760	181834	181320	0.0	911	minus
H220615-060_M13_21BDRAA000_G07_premix.ab1	refseq|NC_002947.4|chromosome	95.962	520	8	6	241	760	529956	529450	0.0	832	minus
H220615-060_M13_21BDRAA000_G07_premix.ab1	refseq|NC_002947.4|chromosome	93.296	179	9	3	247	424	182057	181881	1.50e-69	261	minus
H220615-060_M15_21BDRAA000_G08_premix.ab1	refseq|NC_002947.4|chromosome	89.567	786	68	11	113	893	526837	527613	0.0	985	plus
H220615-060_M15_21BDRAA000_G08_premix.ab1	refseq|NC_002947.4|chromosome	89.620	790	60	13	113	893	699925	700701	0.0	985	plus
H220615-060_M15_21BDRAA000_G08_premix.ab1	refseq|NC_002947.4|chromosome	89.620	790	60	13	113	893	1327391	1328167	0.0	985	plus
H220615-060_M15_21BDRAA000_G08_premix.ab1	refseq|NC_002947.4|chromosome	89.620	790	60	13	113	893	5310515	5309739	0.0	985	minus
H220615-060_M15_21BDRAA000_G08_premix.ab1	refseq|NC_002947.4|chromosome	89.494	790	61	13	113	893	178707	179483	0.0	979	plus
H220615-060_M15_21BDRAA000_G08_premix.ab1	refseq|NC_002947.4|chromosome	89.494	790	61	13	113	893	2550791	2551567	0.0	979	plus
H220615-060_M15_21BDRAA000_G08_premix.ab1	refseq|NC_002947.4|chromosome	89.367	790	62	13	113	893	173277	174053	0.0	974	plus
H220615-060_M17_21BDRAA000_G09_premix.ab1	refseq|NC_002947.4|chromosome	91.281	367	23	8	101	465	171691	172050	6.73e-139	492	plus
H220615-060_M17_21BDRAA000_G09_premix.ab1	refseq|NC_002947.4|chromosome	91.281	367	23	8	101	465	177121	177480	6.73e-139	492	plus
H220615-060_M17_21BDRAA000_G09_premix.ab1	refseq|NC_002947.4|chromosome	91.281	367	23	8	101	465	525251	525610	6.73e-139	492	plus
H220615-060_M17_21BDRAA000_G09_premix.ab1	refseq|NC_002947.4|chromosome	91.281	367	23	8	101	465	1325805	1326164	6.73e-139	492	plus
H220615-060_M17_21BDRAA000_G09_premix.ab1	refseq|NC_002947.4|chromosome	91.281	367	23	8	101	465	2548992	2549351	6.73e-139	492	plus
H220615-060_M17_21BDRAA000_G09_premix.ab1	refseq|NC_002947.4|chromosome	91.281	367	23	8	101	465	5312379	5312020	6.73e-139	492	minus
H220615-060_M17_21BDRAA000_G09_premix.ab1	refseq|NC_002947.4|chromosome	91.008	367	24	8	101	465	698126	698485	3.13e-137	486	plus
H220615-060_M19_21BDRAA000_G10_premix.ab1	refseq|NC_002947.4|chromosome	98.870	354	4	0	116	469	2344305	2344658	0.0	632	plus
H220615-060_M23_21BDRAA000_G12_premix.ab1	refseq|NC_002947.4|chromosome	85.823	656	86	7	113	766	5871019	5871669	0.0	808	plus
H220615-060_O01_21BDRAA000_H01_premix.ab1	refseq|NC_002947.4|chromosome	96.994	632	16	3	107	737	2553287	2553916	0.0	1059	plus
H220615-060_O01_21BDRAA000_H01_premix.ab1	refseq|NC_002947.4|chromosome	96.835	632	17	3	107	737	702421	703050	0.0	1053	plus
H220615-060_O01_21BDRAA000_H01_premix.ab1	refseq|NC_002947.4|chromosome	96.835	632	17	3	107	737	1329887	1330516	0.0	1053	plus
H220615-060_O01_21BDRAA000_H01_premix.ab1	refseq|NC_002947.4|chromosome	96.677	632	18	3	107	737	5308019	5307390	0.0	1048	minus
H220615-060_O01_21BDRAA000_H01_premix.ab1	refseq|NC_002947.4|chromosome	96.524	633	18	4	107	737	175773	176403	0.0	1044	plus
H220615-060_O01_21BDRAA000_H01_premix.ab1	refseq|NC_002947.4|chromosome	96.367	633	19	4	107	737	181203	181833	0.0	1038	plus
H220615-060_O01_21BDRAA000_H01_premix.ab1	refseq|NC_002947.4|chromosome	94.937	632	17	8	107	737	529333	529950	0.0	976	plus
H220615-060_O01_21BDRAA000_H01_premix.ab1	refseq|NC_002947.4|chromosome	91.083	157	12	2	563	719	181885	182039	1.53e-54	211	plus
H220615-060_O03_21BDRAA000_H02_premix.ab1	refseq|NC_002947.4|chromosome	94.192	637	35	2	107	742	2553287	2553922	0.0	970	plus
H220615-060_O03_21BDRAA000_H02_premix.ab1	refseq|NC_002947.4|chromosome	94.035	637	36	2	107	742	702421	703056	0.0	965	plus
H220615-060_O03_21BDRAA000_H02_premix.ab1	refseq|NC_002947.4|chromosome	93.878	637	36	3	107	742	1329887	1330521	0.0	957	plus
H220615-060_O03_21BDRAA000_H02_premix.ab1	refseq|NC_002947.4|chromosome	93.594	640	38	3	107	745	5308019	5307382	0.0	952	minus
H220615-060_O03_21BDRAA000_H02_premix.ab1	refseq|NC_002947.4|chromosome	94.089	626	33	4	107	729	175773	176397	0.0	948	plus
H220615-060_O03_21BDRAA000_H02_premix.ab1	refseq|NC_002947.4|chromosome	93.930	626	34	4	107	729	181203	181827	0.0	942	plus
H220615-060_O03_21BDRAA000_H02_premix.ab1	refseq|NC_002947.4|chromosome	92.308	637	34	10	107	742	529333	529955	0.0	891	plus
H220615-060_O03_21BDRAA000_H02_premix.ab1	refseq|NC_002947.4|chromosome	97.541	122	2	1	560	680	181881	182002	1.80e-53	207	plus
H220615-060_O05_21BDRAA000_H03_premix.ab1	refseq|NC_002947.4|chromosome	94.951	713	26	8	107	814	1328348	1329055	0.0	1109	plus
H220615-060_O05_21BDRAA000_H03_premix.ab1	refseq|NC_002947.4|chromosome	94.951	713	26	8	107	814	2551748	2552455	0.0	1109	plus
H220615-060_O05_21BDRAA000_H03_premix.ab1	refseq|NC_002947.4|chromosome	94.951	713	26	8	107	814	5309558	5308851	0.0	1109	minus
H220615-060_O05_21BDRAA000_H03_premix.ab1	refseq|NC_002947.4|chromosome	94.811	713	27	8	107	814	174234	174941	0.0	1103	plus
H220615-060_O05_21BDRAA000_H03_premix.ab1	refseq|NC_002947.4|chromosome	94.811	713	27	8	107	814	179664	180371	0.0	1103	plus
H220615-060_O05_21BDRAA000_H03_premix.ab1	refseq|NC_002947.4|chromosome	94.811	713	27	8	107	814	700882	701589	0.0	1103	plus
H220615-060_O05_21BDRAA000_H03_premix.ab1	refseq|NC_002947.4|chromosome	94.670	713	28	8	107	814	527794	528501	0.0	1098	plus
H220615-060_O09_21BDRAA000_H05_premix.ab1	refseq|NC_002947.4|chromosome	95.196	1020	29	20	106	1123	174044	175045	0.0	1594	plus
H220615-060_O09_21BDRAA000_H05_premix.ab1	refseq|NC_002947.4|chromosome	95.196	1020	29	20	106	1123	179474	180475	0.0	1594	plus
H220615-060_O09_21BDRAA000_H05_premix.ab1	refseq|NC_002947.4|chromosome	95.196	1020	29	20	106	1123	700692	701693	0.0	1594	plus
H220615-060_O09_21BDRAA000_H05_premix.ab1	refseq|NC_002947.4|chromosome	95.098	1020	30	20	106	1123	527604	528605	0.0	1589	plus
H220615-060_O09_21BDRAA000_H05_premix.ab1	refseq|NC_002947.4|chromosome	95.098	1020	30	20	106	1123	1328158	1329159	0.0	1589	plus
H220615-060_O09_21BDRAA000_H05_premix.ab1	refseq|NC_002947.4|chromosome	95.098	1020	30	20	106	1123	2551558	2552559	0.0	1589	plus
H220615-060_O09_21BDRAA000_H05_premix.ab1	refseq|NC_002947.4|chromosome	95.098	1020	30	20	106	1123	5309748	5308747	0.0	1589	minus
H220615-060_O11_21BDRAA000_H06_premix.ab1	refseq|NC_002947.4|chromosome	99.390	656	4	0	110	765	703193	702538	0.0	1190	minus
H220615-060_O11_21BDRAA000_H06_premix.ab1	refseq|NC_002947.4|chromosome	98.845	606	6	1	161	765	2554009	2553404	0.0	1079	minus
H220615-060_O11_21BDRAA000_H06_premix.ab1	refseq|NC_002947.4|chromosome	95.527	626	16	3	140	765	1330617	1330004	0.0	990	minus
H220615-060_O11_21BDRAA000_H06_premix.ab1	refseq|NC_002947.4|chromosome	97.846	557	11	1	209	765	5307347	5307902	0.0	961	plus
H220615-060_O11_21BDRAA000_H06_premix.ab1	refseq|NC_002947.4|chromosome	99.029	515	4	1	252	765	176404	175890	0.0	922	minus
H220615-060_O11_21BDRAA000_H06_premix.ab1	refseq|NC_002947.4|chromosome	98.835	515	5	1	252	765	181834	181320	0.0	917	minus
H220615-060_O11_21BDRAA000_H06_premix.ab1	refseq|NC_002947.4|chromosome	96.538	520	5	6	246	765	529956	529450	0.0	848	minus
H220615-060_O11_21BDRAA000_H06_premix.ab1	refseq|NC_002947.4|chromosome	93.296	179	9	3	252	429	182057	181881	1.41e-69	261	minus
H220615-060_O13_21BDRAA000_H07_premix.ab1	refseq|NC_002947.4|chromosome	95.796	666	18	9	104	763	6072594	6073255	0.0	1066	plus
H220615-060_O15_21BDRAA000_H08_premix.ab1	refseq|NC_002947.4|chromosome	94.600	537	26	3	111	646	1328736	1329270	0.0	833	plus
H220615-060_O15_21BDRAA000_H08_premix.ab1	refseq|NC_002947.4|chromosome	94.600	537	26	3	111	646	2552136	2552670	0.0	833	plus
H220615-060_O15_21BDRAA000_H08_premix.ab1	refseq|NC_002947.4|chromosome	94.906	530	26	1	118	646	5309165	5308636	0.0	833	minus
H220615-060_O15_21BDRAA000_H08_premix.ab1	refseq|NC_002947.4|chromosome	94.413	537	27	3	111	646	174622	175156	0.0	828	plus
H220615-060_O15_21BDRAA000_H08_premix.ab1	refseq|NC_002947.4|chromosome	94.413	537	27	3	111	646	180052	180586	0.0	828	plus
H220615-060_O15_21BDRAA000_H08_premix.ab1	refseq|NC_002947.4|chromosome	94.413	537	27	3	111	646	528182	528716	0.0	828	plus
H220615-060_O15_21BDRAA000_H08_premix.ab1	refseq|NC_002947.4|chromosome	94.413	537	27	3	111	646	701270	701804	0.0	828	plus
H220615-060_O17_21BDRAA000_H09_premix.ab1	refseq|NC_002947.4|chromosome	96.009	927	34	3	107	1031	4662679	4663604	0.0	1504	plus
H220615-060_O19_21BDRAA000_H10_premix.ab1	refseq|NC_002947.4|chromosome	94.030	737	34	8	115	849	26000	25272	0.0	1109	minus
H220615-060_O21_21BDRAA000_H11_premix.ab1	refseq|NC_002947.4|chromosome	91.566	332	22	4	115	443	6029662	6029990	3.03e-127	453	plus
H220615-060_O23_21BDRAA000_H12_premix.ab1	refseq|NC_002947.4|chromosome	91.979	561	34	11	111	669	5633905	5633354	0.0	776	minus
